"image","xmin","ymin","xmax","ymax","label"
"_20120206_nails_20120206_index_right_02.jpg",563.4876859545482,267.41030962262835,929.028482918495,746.8685714285714,"Fingernails"
"_20120206_nails_20120206_index_right_03.jpg",511.9048084077381,319.4902950177874,1032.4381045386904,784.0926086425782,"Fingernails"
"_20120206_nails_20120206_index_right_01.jpg",589.5126522961574,246.1562959863505,1185.8013120899718,720.857205148866,"Fingernails"
"_20120206_nails_20120206_index_right_04.jpg",603.3333798363095,357.29256212506976,1028.7809244791665,792.6285714285714,"Fingernails"
"_20120206_nails_20120206_index_right_05.jpg",572.857189360119,226.81371893746513,1082.4190383184523,601.1782764107841,"Fingernails"
"_20120206_nails_20120206_index_right_06.jpg",650.8761625744047,297.5405900355748,1061.6952659970239,741.4126086425781,"Fingernails"
"_20120206_nails_20120206_index_right_09.jpg",539.9428478422619,352.41487574986047,1066.5714750744046,797.506304321289,"Fingernails"
"_20120206_nails_20120206_index_right_11.jpg",603.3333798363095,378.0228571428571,966.6095145089286,776.77605582101,"Fingernails"
"_20120206_nails_20120206_index_right_08.jpg",396.0952380952381,265.8354192679269,949.5428292410713,723.1211800711495,"Fingernails"
"_20120206_nails_20120206_index_right_12.jpg",572.857189360119,352.41487574986047,1005.6190941220239,848.7222671072823,"Fingernails"
"_20120206_nails_20120206_index_right_13.jpg",535.6761997767857,239.00800465175084,1030.6095145089284,703.6103415352958,"Fingernails"
"_20120206_nails_20120206_index_right_17.jpg",369.2952446792226,395.0445799909319,878.5132588911126,861.9154628208705,"Fingernails"
"_20120206_nails_20120206_index_right_14.jpg",692.3238002232142,285.34630432128904,1030.0000465029761,757.2651242501395,"Fingernails"
"_20120206_nails_20120206_index_right_21.jpg",458.26669456845235,310.95428571428573,983.6761997767856,713.3657142857144,"Fingernails"
"_20120206_nails_20120206_index_right_22.jpg",461.9237816220238,346.31773289271763,939.7905040922619,787.7508385358537,"Fingernails"
"_20120206_nails_20120206_index_right_24.jpg",480.2094959077381,441.4331521606445,830.0762183779761,837.7474843924385,"Fingernails"
"_20120206_nails_20120206_index_right_27.jpg",641.1238374255952,381.6811335536412,1033.6571335565475,830.4308385358538,"Fingernails"
"_20120206_nails_20120206_index_right_23.jpg",561.8857421875,474.3577328927176,852.0190197172619,881.6468943568639,"Fingernails"
"_20120206_nails_20120206_index_right_25.jpg",550.914295014881,378.0228571428571,970.2666945684523,730.4377328927176,"Fingernails"
"_20120206_nails_20120206_index_right_29.jpg",594.7999906994047,346.31773289271763,1027.5618954613094,815.7977328927176,"Fingernails"
"_20120206_nails_20120206_index_right_38.jpg",442.41903831845235,407.2891614641462,969.0476655505952,845.0640372140067,"Fingernails"
"_20120206_nails_20120206_index_right_33.jpg",632.5904482886905,407.2891614641462,1066.6666666666665,814.5783229282924,"Fingernails"
"_20120206_nails_20120206_index_right_39.jpg",559.4475911458333,402.4114285714286,1048.2857607886904,865.7942857142857,"Fingernails"
"_20120206_nails_20120206_index_right_37.jpg",297.1428571428571,456.06630432128907,813.009533110119,869.4526086425781,"Fingernails"
"_20120206_nails_20120206_index_right_40.jpg",502.15239025297615,352.41487574986047,1040.9714006696427,838.9668943568638,"Fingernails"
"_20120206_nails_20120206_index_right_41.jpg",494.8381231398809,393.8754192679269,1078.761951264881,876.7691614641462,"Fingernails"
"_20120206_nails_20120206_index_right_42.jpg",609.4286179315476,359.7314285714286,1110.4571707589284,798.7257142857143,"Fingernails"
"_20120206_nails_20120206_index_right_43.jpg",481.4286179315476,280.4685714285714,1037.3143136160713,757.2651242501395,"Fingernails"
"_20120206_nails_20120206_index_right_44.jpg",461.9237816220238,215.83886644635882,936.1333240327381,721.9017701067244,"Fingernails"
"_20120206_nails_20120206_index_right_45.jpg",504.38095238095235,289.0045807320731,1044.6285807291665,781.653695678711,"Fingernails"
"_20120213_nails_20120213_index_right_03.jpg",488.74288504464283,208.52229036603654,943.4475911458333,604.8365993390764,"Fingernails"
"_20120213_nails_20120213_index_right_02.jpg",569.2000093005952,242.66628106253486,953.2000093005952,667.0274843924386,"Fingernails"
"_20120213_nails_20120213_index_right_01.jpg",543.6000279017857,290.22399069649833,1087.2952473958333,690.196552821568,"Fingernails"
"_20120206_nails_20120206_index_right_46.jpg",425.3523995535714,369.48684783935545,934.914295014881,864.5748757498604,"Fingernails"
"_20120206_nails_20120206_index_right_47.jpg",475.3333798363095,312.1737421962193,969.0476655505952,859.6971428571428,"Fingernails"
"_20120213_nails_20120213_index_right_05.jpg",469.2381417410714,223.15544252668107,931.2571149553571,548.7428571428571,"Fingernails"
"_20120213_nails_20120213_index_right_06.jpg",530.1905226934524,354.8537421962193,877.6190941220239,709.7074843924386,"Fingernails"
"_20120213_nails_20120213_index_right_04.jpg",488.74288504464283,308.5154192679269,860.5524088541666,687.7577328927176,"Fingernails"
"_20120213_nails_20120213_index_right_08.jpg",354.64760044642856,252.42172358921596,813.009533110119,652.3942857142857,"Fingernails"
"_20120213_nails_20120213_index_right_09.jpg",588.7047526041666,190.23086179460796,1028.7809244791665,582.8868478393554,"Fingernails"
"_20120213_nails_20120213_index_right_12.jpg",541.161876860119,265.8354192679269,903.2190755208333,688.9771428571428,"Fingernails"
"_20120213_nails_20120213_index_right_21.jpg",431.56516335227275,254.05308894973865,844.2361761949392,592.2907959423477,"Fingernails"
"_20120213_nails_20120213_index_right_22.jpg",240.05715215773807,220.71657608032226,671.6000279017857,601.1782764107841,"Fingernails"
"_20120213_nails_20120213_index_right_11.jpg",502.15239025297615,304.85714285714283,821.5428292410713,638.9805900355748,"Fingernails"
"_20120213_nails_20120213_index_right_17.jpg",446.07621837797615,180.47544252668106,898.3428664434523,579.2285714285714,"Fingernails"
"_20120213_nails_20120213_index_right_24.jpg",516.7809244791666,280.4685714285714,856.8952287946428,612.1531521606445,"Fingernails"
"_20120213_nails_20120213_index_right_27.jpg",809.3523530505952,340.2205900355748,1149.4666573660713,730.4377328927176,"Fingernails"
"_20120213_nails_20120213_index_right_40.jpg",667.9428478422618,382.9005900355748,1106.7999906994046,802.3840372140066,"Fingernails"
"_20120213_nails_20120213_index_right_41.jpg",744.7428850446428,378.0228571428571,1264.0572451636904,790.189751499721,"Fingernails"
"_20120213_nails_20120213_index_right_25.jpg",784.9714006696428,400.88714285714286,1123.866675967262,695.0742857142857,"Fingernails"
"_20120213_nails_20120213_index_right_43.jpg",563.1047712053571,365.8285714285714,962.9524274553571,730.4377328927176,"Fingernails"
"_20120213_nails_20120213_index_right_45.jpg",814.2285621279761,371.92571428571426,1245.7715308779761,787.7508385358537,"Fingernails"
"_20120213_nails_20120213_index_right_44.jpg",394.8762090773809,180.47544252668106,813.009533110119,603.6171428571429,"Fingernails"
"_20120213_nails_20120213_index_right_42.jpg",831.2952473958333,357.29256212506976,1256.7428850446427,741.4126086425781,"Fingernails"
"_20120213_nails_20120213_index_right_46.jpg",725.3333333333333,318.2708850533622,1125.0857049851188,714.5851242501395,"Fingernails"
"_20120423_nails_20120423_index_right_02.jpg",585.0476655505952,388.99773289271764,864.2094959077381,681.6605900355748,"Fingernails"
"_20120423_nails_20120423_index_right_01.jpg",659.4095517113095,312.1737421962193,1016.5904482886904,595.0811335536412,"Fingernails"
"_20120423_nails_20120423_index_right_03.jpg",591.1429036458333,310.95428571428573,892.2476283482142,593.8617235892159,"Fingernails"
"_20120213_nails_20120213_index_right_47.jpg",709.3904854910714,446.31088505336214,1099.4857235863096,918.2297514997209,"Fingernails"
"_20120423_nails_20120423_index_right_06.jpg",575.2952473958333,387.77827641078403,827.6380673363094,660.9303415352957,"Fingernails"
"_20120423_nails_20120423_index_right_08.jpg",532.6285807291666,386.5588664463588,881.2761811755952,673.1246272495814,"Fingernails"
"_20120423_nails_20120423_index_right_11.jpg",625.2761811755952,378.0228571428571,808.1333240327381,614.5920186070033,"Fingernails"
"_20120423_nails_20120423_index_right_12.jpg",720.3619326636905,457.2857142857143,960.5142764136905,763.3622671072824,"Fingernails"
"_20120423_nails_20120423_index_right_09.jpg",567.9809802827381,325.58743787493023,895.9048084077381,608.4948757498605,"Fingernails"
"_20120423_nails_20120423_index_right_17.jpg",562.2857142857142,425.58059003557474,853.2381417410711,715.8046272495815,"Fingernails"
"_20120423_nails_20120423_index_right_22.jpg",393.6571335565476,365.8285714285714,704.5142764136904,645.0777328927177,"Fingernails"
"_20120423_nails_20120423_index_right_21.jpg",611.8666759672619,356.0731521606445,920.2857607886905,604.8365993390764,"Fingernails"
"_20120423_nails_20120423_index_right_24.jpg",571.6380673363095,428.01945648193356,810.5714750744047,657.2720186070032,"Fingernails"
"_20120423_nails_20120423_index_right_25.jpg",536.8322399250235,361.3146215146971,805.8482090557638,581.8527638174037,"Fingernails"
"_20120423_nails_20120423_index_right_41.jpg",481.4286179315476,364.6091614641462,848.3619326636904,664.5885714285714,"Fingernails"
"_20120423_nails_20120423_index_right_44.jpg",558.2285621279761,315.52714285714285,830.0762183779761,621.9085714285713,"Fingernails"
"_20120423_nails_20120423_index_right_43.jpg",481.4286179315476,299.9794564819336,821.3333333333333,595.0811335536412,"Fingernails"
"_20120423_nails_20120423_index_right_45.jpg",657.0946762242269,206.04152754590984,941.4057923793347,498.67860761588327,"Fingernails"
"_D1_001.jpg",79.08642857142857,84.10628860473633,603.4246911621094,584.955463256836,"Fingernails"
"_D1_002.jpg",62.888571428571424,89.18743438720703,623.0733089773996,593.8205830601283,"Fingernails"
"_D1_004.jpg",234.3788689313616,234.86172607421875,635.3434521484376,513.76,"Fingernails"
"_D1_003.jpg",140.68144095284597,137.1314254760742,548.8300371442522,641.8399876185825,"Fingernails"
"_D1_005.jpg",173.4404700578962,174.91315322875977,652.8655575997489,662.4948433140346,"Fingernails"
"_D1_006.jpg",210.08,153.92000000000004,576.8880126953127,605.6960253906252,"Fingernails"
"_D1_007.jpg",24.514285714285716,64.18285714285715,580.7657142857144,567.6617034040179,"Fingernails"
"_D1_009.jpg",60.314433898925785,121.50171162196568,530.9589893450056,522.3177355957032,"Fingernails"
"_D1_008.jpg",54.05399387904576,126.76115203857422,617.2585714285714,615.3531795828684,"Fingernails"
"_D1_010.jpg",54.145,53.87199722290039,556.465,604.9679888916016,"Fingernails"
"_D1_011.jpg",73.74900691441127,93.34743894304547,723.5559401157923,709.6217419433593,"Fingernails"
"_D1_012.jpg",16.831291721888952,52.757720293317526,652.2862149483817,601.595440586635,"Fingernails"
"_D1_013.jpg",79.84416019984654,68.19428571428571,611.0018340192522,609.2022972760882,"Fingernails"
"_D1_015.jpg",36.600565534319195,98.8891516985212,627.6177378627233,639.6891664341518,"Fingernails"
"_D1_014.jpg",127.21428571428572,95.82856859479632,629.4785940987724,579.4285714285714,"Fingernails"
"_D1_016.jpg",34.381303056989395,77.28686292375838,635.248783656529,568.2857142857143,"Fingernails"
"_D1_017.jpg",102.84859183175223,133.71428571428572,726.8486258370535,665.8971836635044,"Fingernails"
"_D1_019.jpg",84.47215532575335,116.03429194859095,645.0321428571427,643.9085963657924,"Fingernails"
"_D1_020.jpg",47.593016662597655,60.42400833129883,518.6090222167969,556.1920111083984,"Fingernails"
"_D1_018.jpg",114.47241655622211,153.54857142857142,665.6724766322546,606.32,"Fingernails"
"_D1_022.jpg",43.08900708879744,104.06400708879744,789.1907142857143,642.9668996756418,"Fingernails"
"_D1_023.jpg",68.43571428571428,103.7771490914481,602.5407392229353,661.0685838971817,"Fingernails"
"_D1_025.jpg",123.04970179966519,149.74629507882256,695.0314285714286,658.72,"Fingernails"
"_D1_024.jpg",54.339439871651784,42.21257707868303,643.0937820870536,557.6503083147321,"Fingernails"
"_D1_027.jpg",100.0807142857143,140.95200731549946,750.185886404855,698.0480292619978,"Fingernails"
"_D1_028.jpg",91.03501281738282,167.1599967956543,629.475,635.0399871826172,"Fingernails"
"_D1_029.jpg",49.26729819161551,82.3165735081264,429.77704990931915,402.31544520786827,"Fingernails"
"_D1_030.jpg",66.25,68.44572121756417,517.5071428571429,490.0228663853236,"Fingernails"
"_D1_035.jpg",139.3701753452846,139.81371970040456,577.2639221191406,536.5439891706194,"Fingernails"
"_D1_032.jpg",64.90713718959263,124.05714852469309,556.6785714285714,528.1714172363281,"Fingernails"
"_D1_036.jpg",83.64288330078125,81.14286150251117,455.6428745814732,461.14288330078125,"Fingernails"
"_D1_040.jpg",13.69743190220424,65.48571428571428,364.26428571428573,349.2571428571428,"Fingernails"
"_D1_049.jpg",26.705425938197546,1.0354292297363281,292.1202751813616,299.92914812360493,"Fingernails"
"_D1_046.jpg",46.64572056361607,59.65714285714285,358.09716796874994,305.6914411272321,"Fingernails"
"_D1_045.jpg",105.70201555524554,104.49142857142857,446,368.0137376185826,"Fingernails"
"_D1_050.jpg",84.15,88.17600402832032,436.32598388671875,437.7120080566407,"Fingernails"
"_D1_052.jpg",48.21458025251116,115.0788549368722,412.53458025251115,441.2320176478795,"Fingernails"
"_D1_054.jpg",120.40841962541853,105.53142857142858,463.9718392508371,424.47086608886724,"Fingernails"
"_D1_053.jpg",55.82442535400391,53.97943339756557,340.9033243233817,322.1897207205636,"Fingernails"
"_D1_056.jpg",90.735,96.0479978942871,434.07898315429685,430.55999999999995,"Fingernails"
"_D1_057.jpg",43.024575020926335,63.56571428571428,354.26115722656243,349.37602155412947,"Fingernails"
"_D1_058.jpg",28.152010672433036,42.43200177873884,387.1920284598214,408,"Fingernails"
"_D1_061.jpg",115.44,130.41600952148437,423.3060095214845,474.8639904785156,"Fingernails"
"_D1_063.jpg",110.8632949393136,116.68229263305663,473.0015898786272,454.637741960798,"Fingernails"
"_D1_060.jpg",112.09344900948662,142.64913774762834,576.2054694475446,505.63428571428574,"Fingernails"
"_D1_101.jpg",56.51099578857421,80.59200210571288,406.47902526855466,400.2,"Fingernails"
"_D1_102.jpg",66.582861328125,88.32000209263393,397.3714285714286,373.02857142857147,"Fingernails"
"_D1_103.jpg",72,79.8,351.5400146484375,346.5600219726563,"Fingernails"
"_D1_104.jpg",49.97571428571429,33.220572902134485,330.8054167829241,310.57372017996653,"Fingernails"
"_D1_106.jpg",97.35256382533483,29.89714285714286,426.2211732700893,386.1714285714286,"Fingernails"
"_D1_105.jpg",88.45714285714286,14.546284964425226,295.39773228236606,288.96000000000004,"Fingernails"
"_D1_108.jpg",50.087139456612725,61.06286054338728,288.99000680106025,328.04570748465403,"Fingernails"
"_D1_111.jpg",48.67199637276786,25.1977197265625,374.3405859375,338.02970703125004,"Fingernails"
"_D1_110.jpg",81.79202008928571,27.97714285714286,322.2857142857143,333.09257812500005,"Fingernails"
"_D1_109.jpg",59.92,70.92571428571429,380.73661621093754,362.944022391183,"Fingernails"
"_D1_112.jpg",32.364853951590405,20.49599840436663,318.4723048618862,342.15772705078126,"Fingernails"
"_D1_113.jpg",30.937996215820313,55.056001892089846,385.57801513671876,369.02400756835937,"Fingernails"
"_D1_114.jpg",131.02142857142857,86.88457528250558,419.9631274414063,363.1977219935826,"Fingernails"
"_D1_115.jpg",15.880289045061383,30.123426906040738,348.9842857142857,347.9474485560826,"Fingernails"
"_D1_117.jpg",28.70401088169643,26.14857142857143,395.73487165178574,377.9657142857143,"Fingernails"
"_D1_118.jpg",164.9520263671875,152.64,356.1840087890625,453.88801757812496,"Fingernails"
"_D1_119.jpg",59.13516200474331,41.41028411865235,366,316.64230486188615,"Fingernails"
"_D1_120.jpg",81.87515520368301,6.574285714285714,316.5265837751115,318.3977328055245,"Fingernails"
"_D1_121.jpg",43.362009887695315,26.78400329589844,275.7780065917969,335.66401977539067,"Fingernails"
"_D1_122.jpg",12.47143118722098,1.0285720825195312,251.78571428571428,300,"Fingernails"
"_D1_123.jpg",54.582008056640625,33.26400604248047,368.74200805664066,396,"Fingernails"
"_D1_124.jpg",35.70729431152344,76.62628786359515,379.39872288295203,379.75086574009487,"Fingernails"
"_D1_131.jpg",66.78285714285714,49.281146371024,265.00127868652345,403.00000000000006,"Fingernails"
"_D1_126.jpg",5.762584141322544,22.217142857142857,433.442605329241,418.79315133231023,"Fingernails"
"_D1_134.jpg",76,56.978291015625,513.0651534598214,509.33030691964285,"Fingernails"
"_D1_135.jpg",33.67200962611607,0.6308595493861607,493.56687639508925,487.6525906808036,"Fingernails"
"_D1_136.jpg",51.440014648437504,24.320001220703126,516.72001953125,478.08002929687507,"Fingernails"
"_D1_141.jpg",48.96,88.12800266810827,519.2383070591518,529.4674605887277,"Fingernails"
"_D1_138.jpg",129.98172572544644,43.48343715122768,546.073154296875,521.8011314174107,"Fingernails"
"_D1_142.jpg",112.96215340750558,62.22857142857143,535.8571428571429,500.5942962646485,"Fingernails"
"_D1_143.jpg",95.88387363978795,77.84228365216936,432.6598901367188,407.5908653913225,"Fingernails"
"_D1_144.jpg",26.75313929966518,8.393143746512276,384.39428571428573,330.5965785435268,"Fingernails"
"_D1_147.jpg",71.34771859305246,81.86285714285715,494,403.66857142857145,"Fingernails"
"_D1_146.jpg",39.82943586077009,59.23656960623605,379.9620291573661,344.4319927106585,"Fingernails"
"_D1_148.jpg",70.28142857142856,118.49600230625697,468.76960832868303,441.33714285714285,"Fingernails"
"_D1_151.jpg",35.83399719238282,0.36800140380859375,292.33,296.97601684570316,"Fingernails"
"_D1_149.jpg",40.12,79.29600411551338,470.04455496651786,357.6411593191964,"Fingernails"
"_D1_153.jpg",61.69714285714286,86.84800205775669,378.8811593191964,432.0822774832589,"Fingernails"
"_D1_152.jpg",27.179720894949778,152.46628901890347,647.4403121512278,641.9177010672433,"Fingernails"
"_D1_157.jpg",178.34698843819754,64.40571428571428,579.1778571428572,541.7657142857142,"Fingernails"
"_D1_164.jpg",82.92857142857143,140.09143327985493,466.1742762974331,446.1943045479911,"Fingernails"
"_D1_165.jpg",88.256015625,135.68,384.70402343750004,399.36,"Fingernails"
"_D1_175.jpg",67.65,60.91428571428572,372.22142857142865,352.8343000139509,"Fingernails"
"_D1_170.jpg",79.54801025390624,93.40799743652343,554.652041015625,508.0319897460937,"Fingernails"
"_D1_177.jpg",34.38128945486887,59.81486088344029,377.09099251883373,403.99543605259487,"Fingernails"
"_D1_178.jpg",57.66428571428572,71.31428571428572,390,326.262877546038,"Fingernails"
"_D1_179.jpg",75.49285714285715,34.76571938650949,374.12142857142857,312.445707484654,"Fingernails"
"_D1_185.jpg",82.5820183454241,97.98629259381975,399.38428571428574,407.5748754882813,"Fingernails"
"_D2_001.jpg",85.66071428571428,101.27000000000001,501.02,504.5225993129186,"Fingernails"
"_D2_002.jpg",101.6357142857143,77.32285714285715,530.8174480329242,465.5314285714287,"Fingernails"
"_D2_003.jpg",87.00886526925223,31.421712254115512,371.9345795549665,426.5897061593192,"Fingernails"
"_D2_004.jpg",112.57072448730469,183.18858163016185,547.8107142857143,472.0114183698382,"Fingernails"
"_D2_007.jpg",58.527857142857144,48.538283843994144,410.5530149623326,393.20916530064176,"Fingernails"
"_D2_008.jpg",25.64099395751953,90.28799697875976,612.5130120849609,612.2160241699219,"Fingernails"
"_D2_006.jpg",177.10003662109375,143.1999969482422,505.9000244140625,593.6000366210938,"Fingernails"
"_D2_005.jpg",200.79604248046874,154.04800354003905,689.8520141601562,670.9440283203124,"Fingernails"
"_D2_009.jpg",76.07285714285715,116.98972104753766,458.7266962541853,431.3257142857143,"Fingernails"
"_D2_010.jpg",36.21356615339007,29.731429890223914,563.0821428571429,590.4800105503627,"Fingernails"
"_D2_012.jpg",14.355012948172433,82.02857142857144,438.6407488141741,425.98287440708714,"Fingernails"
"_D2_011.jpg",69.40215868268695,62.920002637590684,560.3164707728795,525.4857142857143,"Fingernails"
"_D2_013.jpg",34.720718601771765,39.6,459.5721601213728,450.8743116106306,"Fingernails"
"_D2_014.jpg",82.56857142857143,80.22857142857143,468,432.69943673270086,"Fingernails"
"_D2_016.jpg",112.01785714285714,143.38285446166992,580.8235499790736,493.40574645996094,"Fingernails"
"_D2_018.jpg",113.92544817243304,143.8720098005022,512.7849159458705,482.3565616280692,"Fingernails"
"_D2_015.jpg",29.569424264090404,18.066284637451172,457.5146058872768,420.6057142857143,"Fingernails"
"_D2_017.jpg",125.82142857142857,150.80000850132535,596.050022670201,565.3142743791852,"Fingernails"
"_D2_019.jpg",48.00714285714285,53.177142857142854,489.4513398088728,448.46058044433596,"Fingernails"
"_D2_020.jpg",24.698004063197544,36.21486323765346,390.5745795549665,410.61256330217634,"Fingernails"
"_D2_022.jpg",42.64686244419644,37.348571428571425,589.4994921875,441.9291322544643,"Fingernails"
"_D2_023.jpg",86.65714808872768,124.11428833007812,470.6571742466518,540.3428780691963,"Fingernails"
"_D2_024.jpg",159.347593296596,142.59771155221122,548.4458462088448,534.5622747802735,"Fingernails"
"_D2_025.jpg",37.65601318359375,95.61600219726562,485.208017578125,470.5920263671875,"Fingernails"
"_D2_029.jpg",19.076004638671876,96.67199768066406,487.84401855468747,451.13602783203123,"Fingernails"
"_D2_028.jpg",68.1840087890625,123.83999999999999,440.8559912109375,445.248017578125,"Fingernails"
"_D2_027.jpg",61.78285714285715,107.57486546107701,555.5914285714285,533.5131539481026,"Fingernails"
"_D2_153.jpg",42.40357142857143,34.57942690168108,312.9110133579799,347.1074419294085,"Fingernails"
"_D2_152.jpg",10.640153503417968,30.699430345807755,361.35785714285714,339.5542857142857,"Fingernails"
"_D2_151.jpg",47.32442269461495,38.129141387939455,269.16673191615513,323.52,"Fingernails"
"_D2_030.jpg",40.487567007882255,33.60686377389091,492.44187482561387,455.4308483014788,"Fingernails"
"_D2_032.jpg",55.59714791434152,121.96571175711496,484.46572440011164,473.9428571428572,"Fingernails"
"_D2_035.jpg",179.27801112583705,174.99428571428572,540.9328571428572,518.4205603027344,"Fingernails"
"_D2_036.jpg",135.4508740234375,76.33372061593191,450.7423025948661,405.4537311662946,"Fingernails"
"_D2_040.jpg",22.732142857142858,48.31428364345006,409.24645342145647,357.2000165666853,"Fingernails"
"_D2_045.jpg",67.13616498674665,66.2297179739816,423,345.6514285714286,"Fingernails"
"_D2_046.jpg",51.782142857142865,86.55428924560547,374.3935573032924,338.3485643659319,"Fingernails"
"_D2_049.jpg",61.00714285714286,41.45143367222377,357.4071428571429,372.1714285714286,"Fingernails"
"_D2_050.jpg",45.19286891392299,11.31428473336356,443.76431710379467,406.7999921526228,"Fingernails"
"_D2_052.jpg",43.92142377580915,97.42857142857143,431.1214381626674,481.48570469447543,"Fingernails"
"_D2_053.jpg",37.232142857142854,44.464285714285715,335.9464154924665,326.57144818987166,"Fingernails"
"_D2_054.jpg",129.0191526576451,115.61142857142856,501.54491594587057,451.5268767438616,"Fingernails"
"_D2_056.jpg",97.57588439941406,79.19200681413923,460.78726754324776,440.6171428571429,"Fingernails"
"_D2_057.jpg",74.60515973772321,110.07542646135602,405.93773960658484,411.53829415457585,"Fingernails"
"_D2_060.jpg",71.32500457763672,76.20000457763672,525,469.8000183105469,"Fingernails"
"_D2_058.jpg",92.30571428571429,50.33600211007254,443.5514285714286,423.1542857142857,"Fingernails"
"_D2_061.jpg",23.705003356933595,11.440001678466798,337.42500000000007,350.6800201416016,"Fingernails"
"_D2_063.jpg",114.4342857142857,85.59543073381695,443.21142857142854,406.4365973772321,"Fingernails"
"_D2_101.jpg",15.081437465122766,43.13142634800502,446.9785714285714,449.96574096679683,"Fingernails"
"_D2_103.jpg",57.339004211425774,73.41600631713867,418.3469915771484,413.44800842285156,"Fingernails"
"_D2_104.jpg",50.112011718750004,46.592001953125,412.608046875,395.26402343750004,"Fingernails"
"_D2_102.jpg",64.87715802873885,91.47429330008372,467.8942958286831,450.7428571428572,"Fingernails"
"_D2_105.jpg",94.83259381975446,15.652570495605469,353.5891353934152,360.49830810546877,"Fingernails"
"_D2_106.jpg",94.05402709960936,22.496001129150386,502.46,457.61601806640624,"Fingernails"
"_D2_109.jpg",31.417869567871094,50.48572049822126,429.875,423.97142028808594,"Fingernails"
"_D2_110.jpg",61.367278093610494,12.985144762311664,360.52500000000003,399.5428571428572,"Fingernails"
"_D2_108.jpg",68.06070600237166,49.535714285714285,381.289302280971,389.3642774309431,"Fingernails"
"_D2_111.jpg",47.160714285714285,3.2571449279785156,453.7607639857701,396.8285631452288,"Fingernails"
"_D2_112.jpg",85.68299115862166,45.195435202462335,454.1995537458148,454.85142857142864,"Fingernails"
"_D2_113.jpg",26.00185272216797,50.41029013497489,471.0030353655134,447.31888366699224,"Fingernails"
"_D2_115.jpg",0.4510078648158482,15.462857142857143,410.2167614746093,416.9817221505301,"Fingernails"
"_D2_117.jpg",118.72145734514508,77.94285474504743,510.95003836495533,490.2857142857143,"Fingernails"
"_D2_114.jpg",113.75200823102678,59.87657348632813,457.3680329241071,421.8331675502232,"Fingernails"
"_D2_118.jpg",33.57743634905134,4.587431488037109,283.84714285714284,400.12571428571425,"Fingernails"
"_D2_120.jpg",133.04574148995536,14.857142857142858,455.1486258370536,421.3485804966518,"Fingernails"
"_D2_119.jpg",84.61516008649554,68.31314501081195,483.76714285714286,413.2663115583148,"Fingernails"
"_D2_121.jpg",61.611722063337055,27.524569484165735,358.7751661900112,427.14058698381695,"Fingernails"
"_D2_122.jpg",90.91816990443638,114.03543533325195,399.34558044433595,517,"Fingernails"
"_D2_123.jpg",28.87814736502511,2.954285714285714,400.5272766985212,428.9622766985212,"Fingernails"
"_D2_124.jpg",32.4,64.8,428.220028250558,441.8742762974331,"Fingernails"
"_D2_126.jpg",1.5837268938337055,64.45028991699219,443.3711596679688,465.4742857142857,"Fingernails"
"_D2_131.jpg",82.9523015485491,77.30971230643136,290.49515869140623,429.09488089425224,"Fingernails"
"_D2_135.jpg",4.899285714285714,4.1257142857142854,339.08214285714286,354.81142857142856,"Fingernails"
"_D2_134.jpg",73.00929107666016,55.52571160452706,517.9178571428571,520.1142857142858,"Fingernails"
"_D2_138.jpg",36.86843213762556,59.36343213762556,303.7701571219308,351.0388500104632,"Fingernails"
"_D2_141.jpg",12.66699676513672,27.98400161743164,311.58701293945313,303.58399353027346,"Fingernails"
"_D2_136.jpg",29.899580819266184,12.718858707972936,311.7658696637835,318.7920187813895,"Fingernails"
"_D2_142.jpg",47.284723467145646,19.65599846976144,314.8470122419085,296.8457142857143,"Fingernails"
"_D2_143.jpg",57.51356506347657,27.53143016270229,357.43928571428575,317.02857142857147,"Fingernails"
"_D2_144.jpg",49.726282261439735,30.322289167131697,366.9788985770089,312.7268502371652,"Fingernails"
"_D2_146.jpg",72.33170706612724,96.5211410522461,378.455157296317,343.5017070661272,"Fingernails"
"_D2_147.jpg",66.49513549804688,65.59085898263113,422,355.44459350585936,"Fingernails"
"_D2_148.jpg",33.125721958705356,81.46286097935268,396.1886021205357,360.54859444754464,"Fingernails"
"_D2_149.jpg",47.61643916538784,71.27999823434013,405,318.4457284109933,"Fingernails"
"_D2_164.jpg",204.19287981305806,266.5,590.4785940987723,564.5714285714286,"Fingernails"
"_D2_157.jpg",110.3850067138672,33,351.5049865722657,345.8399932861328,"Fingernails"
"_D2_165.jpg",51.06586417061942,81.060573185512,340.30473536900115,344.50744262695315,"Fingernails"
"_D2_170.jpg",49.97900970458985,60.632004852294926,348.89902587890623,318.8480194091797,"Fingernails"
"_D2_175.jpg",47.58328225272043,54.89943030221122,342.0438779122489,352.08227879115515,"Fingernails"
"_D2_179.jpg",33.49857142857143,42.55085558210101,339.94660888671876,317.0857142857143,"Fingernails"
"_D2_177.jpg",53.262008056640624,52.800000000000004,401.74200805664066,392.83200805664063,"Fingernails"
"_D2_178.jpg",49.26343505859376,61.64571428571429,372.00000000000006,316.73142857142864,"Fingernails"
"_D2_185.jpg",35.72629289899553,71.09943036760602,338.95830008370535,365.8560215541294,"Fingernails"
"_D30_001.jpg",78.48257864815848,88.0045732334682,399.7465858677455,382.29944301060266,"Fingernails"
"_D30_003.jpg",50.911011962890626,18.816004486083983,277.4869940185547,326.5360119628906,"Fingernails"
"_D30_002.jpg",33.5931396484375,34.4868603515625,362.9005970982143,333.09259068080354,"Fingernails"
"_D30_004.jpg",135.0925990513393,147.84,500.7703041294643,407.917705078125,"Fingernails"
"_D30_005.jpg",85.16973005022321,104.3474325125558,366.1845950753348,392.0777221679688,"Fingernails"
"_D30_006.jpg",95.99115618024554,70.72457475934709,282.40714285714284,337.90629237583704,"Fingernails"
"_D30_007.jpg",68.51429966517857,79.0857195172991,377.54289899553567,373.94287109374994,"Fingernails"
"_D30_008.jpg",31.77057878766741,60.285714285714285,365.03000000000003,364.1257142857143,"Fingernails"
"_D30_009.jpg",58.313136160714286,79.43314453125001,337.4262723214286,319.48801339285717,"Fingernails"
"_D30_010.jpg",30.185996704101566,29.376004943847658,342.95398681640626,353.3760131835938,"Fingernails"
"_D30_011.jpg",46.839579293387274,52.57371821812221,417.43273001534595,387.08684927804126,"Fingernails"
"_D30_013.jpg",49.19400329589844,30.240000000000002,348.57,340.8480065917969,"Fingernails"
"_D30_012.jpg",41.90399623325892,76.03199811662945,381.08571428571423,379.66629324776784,"Fingernails"
"_D30_014.jpg",63.33042245047433,35.300576019287114,326.07902448381697,290.0262979561942,"Fingernails"
"_D30_015.jpg",61.17472141810826,29.44800534929548,404.73475708007817,344.02742143903464,"Fingernails"
"_D30_016.jpg",61.62499999999999,97.62857328142438,380.739270891462,355.5428793770926,"Fingernails"
"_D30_018.jpg",36.435,37.674285714285716,335.05329781668524,307.7394225202288,"Fingernails"
"_D30_019.jpg",55.65858503069197,58.3885731288365,380.13859863281255,348.5485918317522,"Fingernails"
"_D30_017.jpg",18.050153764997212,53.376003635951456,379.76785714285717,360.28799272809715,"Fingernails"
"_D30_020.jpg",65.16842206682477,27.282284088134762,314.1192857142857,315.8777077811105,"Fingernails"
"_D30_022.jpg",196.6140230887277,195.95201154436384,621.8071428571428,503.12,"Fingernails"
"_D30_024.jpg",101.92288120814732,103.04000200544085,424.18571428571425,397.96573835100446,"Fingernails"
"_D30_025.jpg",54.20542184012275,67.4948621913365,383.24285714285713,349.38516305106026,"Fingernails"
"_D30_023.jpg",111.38571428571429,70.97142857142858,380.55145263671875,391.131436593192,"Fingernails"
"_D30_027.jpg",32.76686907087054,52.114285714285714,392.35542061941965,367.9268491908482,"Fingernails"
"_D30_028.jpg",78.62743652343751,114.13029366629465,412.1589048549107,390.8571428571429,"Fingernails"
"_D30_030.jpg",8.755577828543526,28.52114765712193,341.78186994280134,328.8320063999721,"Fingernails"
"_D30_032.jpg",83.28244611467633,98.8754329572405,450.04132080078125,427.11887468610485,"Fingernails"
"_D30_029.jpg",54.36901153564453,88.2,400.1129846191406,347.25600769042967,"Fingernails"
"_D30_035.jpg",103.9772944859096,117.84571428571428,423.59785714285715,425.3942857142857,"Fingernails"
"_D30_036.jpg",88.61227870396205,67.53600350516183,374.8363277762277,371.21829973493305,"Fingernails"
"_D30_046.jpg",59.771298304966514,70.54971585954938,348.98389491489957,306.1280188860212,"Fingernails"
"_D30_045.jpg",28.56700897216797,57.62400299072266,340.20702392578124,312.8160119628906,"Fingernails"
"_D30_040.jpg",48.574581734793526,33.32114113943917,381.3357142857143,329.60916346958703,"Fingernails"
"_D30_049.jpg",23.957140241350444,10.628572736467634,281.7857142857143,295.5428728376116,"Fingernails"
"_D30_050.jpg",37.38428911481585,28.97142857142857,377.9100272042411,356.5714285714286,"Fingernails"
"_D30_053.jpg",26.994866245814734,56.47543160574777,276.36172642299107,307.4331549944197,"Fingernails"
"_D30_054.jpg",56.08600708007812,47.79200531005859,359.5420141601562,335.00802124023437,"Fingernails"
"_D30_052.jpg",26.40729714529855,71.41829142979213,389.4918723842076,387.0571428571429,"Fingernails"
"_D30_056.jpg",88.07386500767298,80.4068591090611,382.89899213518413,396.87999999999994,"Fingernails"
"_D30_057.jpg",77.23928571428571,94.59428765433175,362.54784938267295,378.377150617327,"Fingernails"
"_D30_060.jpg",53.30870976039341,81.55714285714286,479.1853219168527,421.7245623779297,"Fingernails"
"_D30_061.jpg",36.32356850760324,0.7657135554722377,272.5464285714286,302.83999415806363,"Fingernails"
"_D30_058.jpg",95.76472194126674,61.71086288452148,395.2881734793526,379.29599234444754,"Fingernails"
"_D30_063.jpg",65.89744245256696,66.8640034702846,345.1797351074219,341.14285714285717,"Fingernails"
"_D30_101.jpg",21.60901153564453,81.14400192260742,357.7770153808594,392.11201538085936,"Fingernails"
"_D30_102.jpg",29.61,97.27200576782226,356.7689923095703,374.9760076904297,"Fingernails"
"_D30_104.jpg",23.480723571777343,38.948572976248606,286.3835776192801,296.1714285714286,"Fingernails"
"_D30_103.jpg",98.11415012904577,85.78285714285715,378.33812831333705,336.9360218157087,"Fingernails"
"_D30_105.jpg",53.04285714285714,26.724570050920757,250.58801653180802,283.4971428571428,"Fingernails"
"_D30_106.jpg",76.19642857142857,51.97143227713448,384.62499999999994,376.42857142857144,"Fingernails"
"_D30_108.jpg",85.42500741141183,89.85714285714285,322.4535936628069,348.2571650913783,"Fingernails"
"_D30_109.jpg",76.19642857142857,76.25714656284876,389.48214285714283,357,"Fingernails"
"_D30_110.jpg",51.558571428571426,47.97428571428571,314.4797075544085,333.50399326869416,"Fingernails"
"_D30_111.jpg",47.05357142857142,50.0285769871303,373.45355660574774,349.22857883998324,"Fingernails"
"_D30_112.jpg",60.12772129603795,51.45600350516183,375.2957142857143,351.0034355817522,"Fingernails"
"_D30_114.jpg",25.386428571428574,38.56685557774135,336.38301252092634,316.740590209961,"Fingernails"
"_D30_113.jpg",26.13,59.2662839617048,366.10714285714283,361.11085013253347,"Fingernails"
"_D30_115.jpg",14.500723048618863,4.211430031912667,320.0207493373326,302.45714285714286,"Fingernails"
"_D30_117.jpg",67.61357142857143,56.23543402535575,375.4787433733259,361.2411574009487,"Fingernails"
"_D30_118.jpg",30.87343898228237,58.67656969342914,269.21857142857147,362.5211636788505,"Fingernails"
"_D30_119.jpg",62.811734270368305,70.72457475934709,343.09061139787946,330.4845914132254,"Fingernails"
"_D30_120.jpg",99.48370762416295,44.96686213902065,341.3442857142857,351.44,"Fingernails"
"_D30_122.jpg",51.89743190220424,46.713146187918525,300.7431628417969,351.00343523297994,"Fingernails"
"_D30_121.jpg",58.446019984654015,53.69829071044922,292.8848638044085,355.80571428571426,"Fingernails"
"_D30_123.jpg",23.956853812081473,34.489141191755024,312.5305780901228,349.693707624163,"Fingernails"
"_D30_124.jpg",40.11,79.0194302368164,285.899727608817,302.54401332310266,"Fingernails"
"_D30_126.jpg",23.863005981445312,64.28799850463867,317.47101196289066,333.59199401855466,"Fingernails"
"_D30_131.jpg",49.129868687220984,46.1508600289481,195.90470851353237,305.654868687221,"Fingernails"
"_D30_134.jpg",41.95829275948661,41.55428571428572,333.7617072405134,334.74285714285713,"Fingernails"
"_D30_135.jpg",41.332142857142856,24.748572976248603,341.96645333426335,306.31428571428575,"Fingernails"
"_D30_141.jpg",12.594854387555802,38.64228846958705,259.2554230608259,280.9691538783482,"Fingernails"
"_D30_138.jpg",21.26972202845982,26.04800258091518,236.757724609375,272.9965869140625,"Fingernails"
"_D30_136.jpg",20.02,23.232001342773437,267.12401611328124,274.20800537109375,"Fingernails"
"_D30_142.jpg",20.314862234933035,34.37257524762835,231.2222806222098,271.6434336635045,"Fingernails"
"_D30_143.jpg",42.3771484375,29.622858537946428,317.7599888392857,295.1314453125,"Fingernails"
"_D30_145.jpg",20.035714285714285,74.37256979806082,325.64714285714285,311.1680130440848,"Fingernails"
"_D30_146.jpg",70.67,96.48229570661272,349.2025847516741,320.88,"Fingernails"
"_D30_147.jpg",45.34886047363281,68.1051445225307,380.19918282645085,310.4022790527344,"Fingernails"
"_D30_148.jpg",67.1774485560826,65.04914119175503,382,316.9508504813058,"Fingernails"
"_D30_149.jpg",63.34370727539063,79.4811481148856,379.4306134905134,300.9257142857143,"Fingernails"
"_D30_153.jpg",17.28429216657366,22.41143341064453,295.10142211914064,297.6914350237165,"Fingernails"
"_D30_151.jpg",30.98443581717355,6.331428571428572,248.1524189104353,268.4525810895647,"Fingernails"
"_D30_152.jpg",0.37000645228794643,23.257142857142856,344.9986101422991,298.53713640485495,"Fingernails"
"_D30_157.jpg",56.73571428571429,37.08343004499163,278.07744035993306,300.5302975027902,"Fingernails"
"_D30_164.jpg",88.78571428571428,96.08228768484932,396.1457142857143,372.96459507533484,"Fingernails"
"_D30_170.jpg",26.655426025390625,28.365714285714287,260.58917340959823,254.2903009905134,"Fingernails"
"_D30_165.jpg",36.464145987374444,57.440000000000005,306.0218634033203,291.7131365966797,"Fingernails"
"_D30_175.jpg",24.02228288922991,35.54742998395648,303.58801130022323,292.5257142857143,"Fingernails"
"_D30_177.jpg",25.67528935023717,111.5177215576172,307.80557870047437,417,"Fingernails"
"_D30_178.jpg",77.77158979143415,75.81599846976144,351,306.47314897809713,"Fingernails"
"_D30_185.jpg",33.59214285714286,18.05257377624512,317.0995964704241,295.40571428571434,"Fingernails"
"_D30_179.jpg",42.74399727957589,41.36228707449777,290.91774693080356,289.89258231026787,"Fingernails"
"_tbnd2_D1_002.jpg",63.936720101492746,88.42514576503208,623.4544750976562,583.9108455113003,"Fingernails"
"_tbnd2_D1_001.jpg",78.70757720947266,82.59085425240653,606.0767374093192,585.7131659807478,"Fingernails"
"_tbnd2_D1_003.jpg",193.83003714425223,137.94285714285712,545.9899876185825,637.7828447614397,"Fingernails"
"_tbnd2_D1_004.jpg",237.85541678292412,242.58744035993305,634.9571428571429,507.579463936942,"Fingernails"
"_tbnd2_D1_005.jpg",179.1047557721819,178.99142857142857,656.7172995431082,660.2291290283204,"Fingernails"
"_tbnd2_D1_006.jpg",244.5040380859375,151.42400634765625,574.8080126953125,604.0319873046875,"Fingernails"
"_tbnd2_D1_007.jpg",31.289148297991073,81.2982829938616,578.2697795758929,561.2434612165179,"Fingernails"
"_tbnd2_D1_008.jpg",50.44373264857701,130.7725806100028,616.8574040876116,616.9577265276228,"Fingernails"
"_tbnd2_D1_010.jpg",61.06100555419922,58.96800277709961,551.005,601.3279888916016,"Fingernails"
"_tbnd2_D1_009.jpg",61.36187312534877,122.89828837803432,529.2132750592913,520.9211322021484,"Fingernails"
"_tbnd2_D1_012.jpg",23.524422563825336,59.05714285714286,646.3805006626674,597.6582977294921,"Fingernails"
"_tbnd2_D1_013.jpg",68.28900578090125,68.95200289045063,613.843262590681,599.3519884381976,"Fingernails"
"_tbnd2_D1_011.jpg",82.35872811453683,96.06628917149135,722.1964285714286,705.0903133719307,"Fingernails"
"_tbnd2_D1_014.jpg",130.65001133510046,108.45714569091797,630.5928344726562,572.7428458077568,"Fingernails"
"_tbnd2_D1_016.jpg",41.5795656476702,88.65257720947265,636.3853088378906,562.2240346854073,"Fingernails"
"_tbnd2_D1_015.jpg",40.07714285714286,101.97943446568081,628.7765478515626,631.1908925083706,"Fingernails"
"_tbnd2_D1_017.jpg",107.75144217354911,142.62857142857143,727.2943673270089,657.8743129185268,"Fingernails"
"_tbnd2_D1_018.jpg",130.61472630092075,160.63542556762695,658.9792857142858,597.6582977294922,"Fingernails"
"_tbnd2_D1_020.jpg",60.87899444580081,75.53000000000002,526.0710333251956,566.02,"Fingernails"
"_tbnd2_D1_022.jpg",55.63242148263114,101.27656788417272,788.7261145019531,645.7542857142857,"Fingernails"
"_tbnd2_D1_019.jpg",87.33214285714286,121.75428259713308,647.075,635.7371677943638,"Fingernails"
"_tbnd2_D1_023.jpg",78.34358389718192,111.13143168858119,603.76646597726,663.5200374058314,"Fingernails"
"_tbnd2_D1_024.jpg",73.96456577845981,36.287997174944195,643.4639773995535,570.24,"Fingernails"
"_tbnd2_D1_028.jpg",99.01501922607422,175.5600128173828,629.0550384521484,635.8800384521485,"Fingernails"
"_tbnd2_D1_027.jpg",100.56013554164342,140.95200731549946,750.6653442382812,694.2125860595704,"Fingernails"
"_tbnd2_D1_025.jpg",126.73202497209822,148.92800624302456,696.2589320591518,659.5382732282367,"Fingernails"
"_tbnd2_D1_029.jpg",53.35586962018694,84.49714285714285,429.50446184430797,400.13486546107697,"Fingernails"
"_tbnd2_D1_030.jpg",66.55285252162388,72.07999768938336,517.8857142857142,490.0228663853236,"Fingernails"
"_tbnd2_D1_035.jpg",138.3055930873326,131.29714285714286,576.1992857142857,538.6731536865234,"Fingernails"
"_tbnd2_D1_032.jpg",68.25,121.82856859479632,556.3071768624443,527.4285714285714,"Fingernails"
"_tbnd2_D1_036.jpg",86.21429443359374,82.14285714285714,454.7857666015625,461.14288330078125,"Fingernails"
"_tbnd2_D1_040.jpg",13.479149518694197,57.62743190220424,363.6094552176339,345.76459141322545,"Fingernails"
"_tbnd2_D1_045.jpg",106.46659476143972,96.3359980555943,446,370.0525636509486,"Fingernails"
"_tbnd2_D1_049.jpg",28.25857142857143,1.0354292297363281,293.32829624720983,295.4422804478237,"Fingernails"
"_tbnd2_D1_046.jpg",47.26285400390625,53.8971444266183,357.06859654017853,308.57142857142856,"Fingernails"
"_tbnd2_D1_050.jpg",89.16602416992188,85.53600402832032,439.7580322265625,438.76799194335945,"Fingernails"
"_tbnd2_D1_052.jpg",59.49115609305245,110.45257363455636,416.871723109654,445.28,"Fingernails"
"_tbnd2_D1_053.jpg",55.19186357770647,53.136001608712334,340.69245431082584,323.8765842982701,"Fingernails"
"_tbnd2_D1_054.jpg",121.28785714285715,111.98057366507395,462.5061249651228,422.71199105399,"Fingernails"
"_tbnd2_D1_056.jpg",97.08300842285155,95.49600631713867,432.69898315429685,426.1440252685546,"Fingernails"
"_tbnd2_D1_057.jpg",45.614285714285714,62.62400538853236,354.49656424386154,349.3760215541294,"Fingernails"
"_tbnd2_D1_058.jpg",36.31201067243303,35.43771606445313,388.3577427455357,407.06744280133927,"Fingernails"
"_tbnd2_D1_060.jpg",101.71285714285715,141.9794336809431,576.5403470284598,505.63428571428574,"Fingernails"
"_tbnd2_D1_061.jpg",106.00201904296875,128.54401428222656,423.61802856445314,476.11201904296877,"Fingernails"
"_tbnd2_D1_063.jpg",111.77016130719865,114.26399769374302,475.1176267787388,456.45142857142855,"Fingernails"
"_tbnd2_D1_101.jpg",57.33900421142577,78.66,406.20300842285155,398.5440252685546,"Fingernails"
"_tbnd2_D1_102.jpg",56.982861328125,88.86857561383928,397.09716796875,378.51428571428573,"Fingernails"
"_tbnd2_D1_103.jpg",69.06002197265624,78.71999816894531,351.7799926757813,346.5600219726563,"Fingernails"
"_tbnd2_D1_104.jpg",49.396279820033484,30.51656995500837,332.93,311.3462798200335,"Fingernails"
"_tbnd2_D1_105.jpg",99.02285714285715,12.187430071149553,296.3805894252232,274.0205894252232,"Fingernails"
"_tbnd2_D1_106.jpg",96.60516566685268,36.3748628452846,427.4668875558036,378.19886474609376,"Fingernails"
"_tbnd2_D1_108.jpg",52.53858163016183,62.84571598597935,290.104292515346,336.95999319893974,"Fingernails"
"_tbnd2_D1_109.jpg",49.34229317801339,67.01257516043526,382.4485714285714,366.3680074637276,"Fingernails"
"_tbnd2_D1_110.jpg",82.45027901785714,26.77028738839286,321.62742187500004,339.23658482142855,"Fingernails"
"_tbnd2_D1_112.jpg",30.482581002371656,19.24114445277623,322.44603829520094,339.64801914760045,"Fingernails"
"_tbnd2_D1_111.jpg",44.155439453125,24.246858956473215,374.10285714285715,339.93142857142857,"Fingernails"
"_tbnd2_D1_113.jpg",33.666011352539066,52.57600189208984,379.8740454101562,368.52801513671875,"Fingernails"
"_tbnd2_D1_114.jpg",128.24316598074776,84.86400578090124,421.7311582728795,373.8057142857143,"Fingernails"
"_tbnd2_D1_115.jpg",17.408282383510045,31.433146187918528,348.7659866768973,349.2571428571428,"Fingernails"
"_tbnd2_D1_117.jpg",17.056007254464287,24.246858956473215,397.3989006696429,377.9657142857143,"Fingernails"
"_tbnd2_D1_118.jpg",162.35999999999999,154.9440087890625,354.168017578125,457.3440087890625,"Fingernails"
"_tbnd2_D1_119.jpg",54.74314923967634,40.99200478690012,364.2746097237723,314.9691556222098,"Fingernails"
"_tbnd2_D1_120.jpg",80.45916137695312,5.664002314976283,318.34714285714284,326.4891613769531,"Fingernails"
"_tbnd2_D1_123.jpg",56.95801208496094,30.096004028320316,369.53401611328127,410.2560241699219,"Fingernails"
"_tbnd2_D1_121.jpg",40.12200988769531,30.240000000000002,269.5140197753907,337.39199340820323,"Fingernails"
"_tbnd2_D1_122.jpg",14.70000784737723,1.0285720825195312,252.3000052315848,300,"Fingernails"
"_tbnd2_D1_124.jpg",33.80571428571429,76.06285714285714,375.73642857142863,376.933722882952,"Fingernails"
"_tbnd2_D1_126.jpg",14.371722760881696,28.326859261648995,434.8311767578125,418.2377312360491,"Fingernails"
"_tbnd2_D1_131.jpg",70.8704496547154,50.202283957345145,248.1904496547154,403,"Fingernails"
"_tbnd2_D1_134.jpg",88.16,63.92686244419642,513.4126032366071,512.10974609375,"Fingernails"
"_tbnd2_D1_135.jpg",27.048014439174107,1.8925726318359375,495.14401925223217,488.2834381975447,"Fingernails"
"_tbnd2_D1_136.jpg",68.4,24.960003662109376,517.67998046875,475.52001953125006,"Fingernails"
"_tbnd2_D1_138.jpg",137.10398856026785,51.73028285435268,548.6971428571428,525.5497028459822,"Fingernails"
"_tbnd2_D1_141.jpg",46.07486781529018,86.72914018903461,516.7903177315849,527.3691535295759,"Fingernails"
"_tbnd2_D1_142.jpg",116.07356087820871,58.77142857142857,534.387899344308,506.12574593680245,"Fingernails"
"_tbnd2_D1_143.jpg",90.74842032296317,75.13942650931222,430.76785714285717,407.59086539132255,"Fingernails"
"_tbnd2_D1_146.jpg",43.89,64.96914467947825,385.9334577287947,343.95428571428573,"Fingernails"
"_tbnd2_D1_144.jpg",27.452574986049108,13.05600088936942,386.49255719866073,330.13029994419645,"Fingernails"
"_tbnd2_D1_147.jpg",77.84027709960938,80.73372074672154,494,407.62059727260043,"Fingernails"
"_tbnd2_D1_148.jpg",60.986152082170754,114.26399769374302,469.6764285714285,442.5463133893694,"Fingernails"
"_tbnd2_D1_149.jpg",38.77142857142857,78.75657348632812,469.7749065290178,361.95656319754465,"Fingernails"
"_tbnd2_D1_153.jpg",61.42743268694196,85.76914079938616,380.7691510881697,429.92459612165175,"Fingernails"
"_tbnd2_D1_157.jpg",176.45270272391187,69.14142857142858,579.5567374093193,543.2811775425503,"Fingernails"
"_tbnd2_D1_165.jpg",83.9040234375,130.0480078125,385.47199218750006,398.8480078125,"Fingernails"
"_tbnd2_D1_164.jpg",87.55714285714286,132.06858084542412,469.56858084542415,444.9599905831474,"Fingernails"
"_tbnd2_D1_170.jpg",83.91602050781249,92.06400512695312,554.9880615234374,510.71999999999997,"Fingernails"
"_tbnd2_D1_175.jpg",72.57001429966519,58.102855355399,374.7985857282366,354.7085928780692,"Fingernails"
"_tbnd2_D1_177.jpg",36.71013911655971,55.402291325160434,374.51698503766744,395.1702782331194,"Fingernails"
"_tbnd2_D1_178.jpg",52.98428911481585,74.43428911481585,390,326.708585030692,"Fingernails"
"_tbnd2_D1_185.jpg",81.68029488699777,103.99772116524832,396.0780275181362,407.57487548828124,"Fingernails"
"_tbnd2_D1_179.jpg",69.03001360212053,21.394290815080915,374.34429931640625,311.108585030692,"Fingernails"
"_tbnd2_D2_001.jpg",82.1581614467076,101.72686179024834,500.0301986258371,504.37030430385045,"Fingernails"
"_tbnd2_D2_002.jpg",98.12831490652901,80.98971915108817,530.4985714285715,470.63316231863837,"Fingernails"
"_tbnd2_D2_003.jpg",88.3402938406808,32.486859174455915,373.26600812639504,429.7851672363281,"Fingernails"
"_tbnd2_D2_004.jpg",111.56785714285715,190.54285714285714,548.1450204031809,477.3600102015904,"Fingernails"
"_tbnd2_D2_005.jpg",197.54798583984373,158.68800354003906,693.0999999999999,668.16,"Fingernails"
"_tbnd2_D2_006.jpg",177.5,128,510.29998779296875,596.7999877929688,"Fingernails"
"_tbnd2_D2_007.jpg",54.36043605259487,46.57714285714286,411.288413609096,397.1314285714286,"Fingernails"
"_tbnd2_D2_009.jpg",80.2827233014788,112.85371653965541,457.2495533970424,433.0983037458147,"Fingernails"
"_tbnd2_D2_011.jpg",71.13073011125837,73.98286241803851,559.9707353864397,521.3371534075056,"Fingernails"
"_tbnd2_D2_010.jpg",48.31356615339007,28.34857406616211,563.4278782435827,584.9485608782087,"Fingernails"
"_tbnd2_D2_008.jpg",30.78900604248047,94.24799697875976,611.3249999999999,612.2160241699219,"Fingernails"
"_tbnd2_D2_012.jpg",16.33500431605748,78.06857790265765,438.9236232212612,429.9428571428572,"Fingernails"
"_tbnd2_D2_013.jpg",29.91215580531529,40.73143288748605,461.55219464983264,454.83429434640067,"Fingernails"
"_tbnd2_D2_014.jpg",84.44056326729911,80.76343061174666,466.86346121651786,433.23428571428576,"Fingernails"
"_tbnd2_D2_015.jpg",18.560298636300224,9.597713208879744,460.05516008649556,426.25142857142856,"Fingernails"
"_tbnd2_D2_016.jpg",108.1521750313895,142.68000804356166,583.9864929199218,495.5142857142857,"Fingernails"
"_tbnd2_D2_017.jpg",129.90716552734375,155.25715419224332,596.4214739118304,568.2857142857143,"Fingernails"
"_tbnd2_D2_018.jpg",107.82370448521205,138.09142857142857,511.82142857142856,484.28343837193074,"Fingernails"
"_tbnd2_D2_019.jpg",48.37642857142857,53.177142857142854,487.3833037458147,446.0971428571428,"Fingernails"
"_tbnd2_D2_020.jpg",32.420293840680806,42.07314082554409,387.6454204450335,411.1451672363281,"Fingernails"
"_tbnd2_D2_022.jpg",35.350867745535716,36.13257672991071,589.8468359375,443.3188783482143,"Fingernails"
"_tbnd2_D2_023.jpg",78.77142333984375,122.05715070452008,468.25713239397317,545.8285609654017,"Fingernails"
"_tbnd2_D2_025.jpg",43.12799560546875,96.76800659179688,484.92,467.1359912109375,"Fingernails"
"_tbnd2_D2_024.jpg",163.91571428571427,146.89714285714285,548.8042084612165,530.9794176374163,"Fingernails"
"_tbnd2_D2_027.jpg",56.60401663643973,106.12114562988282,555.2279778180804,530.6057142857143,"Fingernails"
"_tbnd2_D2_028.jpg",70.77599121093749,123.2640087890625,440.56801757812497,445.248017578125,"Fingernails"
"_tbnd2_D2_029.jpg",25.46,96.67199768066406,487.53999999999996,454.17602783203125,"Fingernails"
"_tbnd2_D2_030.jpg",42.00857142857143,34.18628350394113,491.8624108886719,449.0571428571429,"Fingernails"
"_tbnd2_D2_035.jpg",178.54887939453127,174.99428571428572,543.8494396972657,515.5040333775112,"Fingernails"
"_tbnd2_D2_032.jpg",59.57428065708706,116.66285967145649,487.11716308593753,471.2914184570313,"Fingernails"
"_tbnd2_D2_036.jpg",133.79142857142855,75.22743068150112,452.401748046875,406.56,"Fingernails"
"_tbnd2_D2_040.jpg",16.217853001185826,43.97143064226423,405.98927743094305,358.28571428571433,"Fingernails"
"_tbnd2_D2_046.jpg",50.39357495989119,81.46285890851703,375.7821428571429,340.66285008021765,"Fingernails"
"_tbnd2_D2_049.jpg",65.46428571428572,41.897141156877794,356.9614693777902,367.7142857142857,"Fingernails"
"_tbnd2_D2_045.jpg",52.14986820765904,65.74628755841937,423,348.55199262346537,"Fingernails"
"_tbnd2_D2_050.jpg",42.10714285714286,9.257143838065012,441.19288853236606,407.8285871233259,"Fingernails"
"_tbnd2_D2_052.jpg",46.4357190813337,96.79999760219029,433.6357334681919,478.97145734514504,"Fingernails"
"_tbnd2_D2_054.jpg",132.23058122907366,114.96914040701729,499.6180392020089,452.81142857142856,"Fingernails"
"_tbnd2_D2_053.jpg",46.2321526663644,42.42856979370117,337.6607404436384,330,"Fingernails"
"_tbnd2_D2_056.jpg",95.19416102818082,78.00114512852261,460.7872675432478,439.4263038853237,"Fingernails"
"_tbnd2_D2_057.jpg",70.73313441685268,110.07542646135602,408.1502772739955,413.1977396065848,"Fingernails"
"_tbnd2_D2_058.jpg",88.98686558314732,54.76114074707031,442.99833635602675,424.26059674944196,"Fingernails"
"_tbnd2_D2_060.jpg",67.72501373291016,69.60000228881836,525,472.8000183105469,"Fingernails"
"_tbnd2_D2_061.jpg",33.825,13.200000000000001,336.98504028320315,351.12001342773436,"Fingernails"
"_tbnd2_D2_063.jpg",107.63201729910713,85.02857142857142,440.3771428571428,408.70399135044636,"Fingernails"
"_tbnd2_D2_101.jpg",20.327138410295756,46.628571428571426,447.5614641462053,449.9657409667969,"Fingernails"
"_tbnd2_D2_102.jpg",66.20285208565849,92.80000000000001,471.2085815429688,449.41716308593755,"Fingernails"
"_tbnd2_D2_103.jpg",56.78701263427734,71.2079978942871,412.275,418.4160168457031,"Fingernails"
"_tbnd2_D2_105.jpg",109.50687953404018,17.609144723074778,353.1,365.8788720703125,"Fingernails"
"_tbnd2_D2_104.jpg",46.5280078125,51.2,417.216015625,394.7519921875,"Fingernails"
"_tbnd2_D2_106.jpg",99.97402709960937,27.824004516601562,501.71999999999997,458.8,"Fingernails"
"_tbnd2_D2_108.jpg",69.4178488595145,45.05714906964983,381.56070600237166,394.65716770717074,"Fingernails"
"_tbnd2_D2_109.jpg",35.21785300118583,53.20000621250698,430.960697719029,422.34287370954246,"Fingernails"
"_tbnd2_D2_111.jpg",48.24643271309989,13.571428571428573,453.76076398577015,397.37145342145647,"Fingernails"
"_tbnd2_D2_112.jpg",90.89785714285715,49.83085935320173,452.46133876255584,450.79544625418526,"Fingernails"
"_tbnd2_D2_110.jpg",65.36272190638951,18.97828666687012,358.52727809361056,395.0479923793248,"Fingernails"
"_tbnd2_D2_113.jpg",32.37558026994978,50.98972091674805,471.5824108886719,449.0571428571429,"Fingernails"
"_tbnd2_D2_115.jpg",2.5127103533063613,13.916570445469446,410.73214285714283,411.3120157296317,"Fingernails"
"_tbnd2_D2_117.jpg",122.49287632533482,77.94285474504743,514.7214093889509,490.9142761230469,"Fingernails"
"_tbnd2_D2_114.jpg",106.73942034040178,61.49485508510045,456.28919224330355,430.46401646205356,"Fingernails"
"_tbnd2_D2_118.jpg",27.970567539760044,0.5097162301199777,279.7694519042969,392.47999999999996,"Fingernails"
"_tbnd2_D2_119.jpg",72.75916870117187,70.00685498918806,482.63801722935267,411.00801722935273,"Fingernails"
"_tbnd2_D2_121.jpg",69.25743634905133,24.975998055594307,359.2848726981027,424.082309047154,"Fingernails"
"_tbnd2_D2_120.jpg",103.925732421875,17.234289114815848,454.55430385044644,422.5371337890625,"Fingernails"
"_tbnd2_D2_122.jpg",96.8267413330078,125.85256692068917,405.25415187290736,514.6365624128069,"Fingernails"
"_tbnd2_D2_123.jpg",17.061004507882252,0,399.93642857142856,423.0537052699498,"Fingernails"
"_tbnd2_D2_124.jpg",14.117156982421875,64.8,427.6028477260045,441.25714285714287,"Fingernails"
"_tbnd2_D2_136.jpg",32.771568298339844,12.30857142857143,310.9452794538226,310.5863044956753,"Fingernails"
"_tbnd2_D2_134.jpg",69.49500536237444,54.8228651864188,515.1064178466796,518.005746459961,"Fingernails"
"_tbnd2_D2_131.jpg",91.77285714285715,76.27200395856585,279.080277797154,429.09488089425224,"Fingernails"
"_tbnd2_D2_126.jpg",3.7871428571428574,57.289140755789624,442.26946219308036,461.61830252511163,"Fingernails"
"_tbnd2_D2_135.jpg",9.024999999999999,5.363429358346122,338.25701259068074,355.2239937046596,"Fingernails"
"_tbnd2_D2_138.jpg",32.194146423339845,57.49371963500977,306.5747214181083,344.49487854003905,"Fingernails"
"_tbnd2_D2_141.jpg",13.515,27.98400161743164,312.435,299.7680194091797,"Fingernails"
"_tbnd2_D2_142.jpg",44.47672040666853,20.057142857142857,313.6435714285714,298.04915509905135,"Fingernails"
"_tbnd2_D2_143.jpg",57.096428571428575,25.445715876988004,357.8564540318081,324.5371555873326,"Fingernails"
"_tbnd2_D2_146.jpg",73.33714285714285,94.1554267665318,378.45515729631694,343.0285714285714,"Fingernails"
"_tbnd2_D2_147.jpg",67.45972900390625,72.34285714285714,422,355.9268718610491,"Fingernails"
"_tbnd2_D2_149.jpg",35.11929277692523,68.96571252005441,405.00000000000006,316.1314426967076,"Fingernails"
"_tbnd2_D2_144.jpg",45.20056797572545,30.322289167131697,366.9788985770089,314.98970738002237,"Fingernails"
"_tbnd2_D2_148.jpg",34.63428955078125,79.45143432617188,398.2,370.10284946986604,"Fingernails"
"_tbnd2_D2_151.jpg",53.92,40.05485567365375,269.9370058768136,317.74285714285725,"Fingernails"
"_tbnd2_D2_153.jpg",37.588720964704244,46.83543191092355,313.7864285714286,346.23199332101007,"Fingernails"
"_tbnd2_D2_157.jpg",109.50502014160158,32.55999832153321,350.18504028320314,345.8399932861328,"Fingernails"
"_tbnd2_D2_152.jpg",0.8721428571428571,33.722857142857144,363.218471156529,342.81030700683596,"Fingernails"
"_tbnd2_D2_164.jpg",202.70713152204243,268.17144557407926,594.1928798130581,572,"Fingernails"
"_tbnd2_D2_165.jpg",48.30242505754743,76.91543208530972,338.001878226144,344.96800702776227,"Fingernails"
"_tbnd2_D2_170.jpg",49.555,61.480000000000004,350.595,318.8480194091797,"Fingernails"
"_tbnd2_D2_175.jpg",35.786717747279575,53.538290906633655,341.59013593401227,353.4434354945592,"Fingernails"
"_tbnd2_D2_177.jpg",54.31801208496094,52.800000000000004,398.0460241699219,404.9760241699219,"Fingernails"
"_tbnd2_D2_178.jpg",50.963996756417416,59.09485552106585,372.00000000000006,314.18057791573665,"Fingernails"
"_tbnd2_D2_179.jpg",33.90772365025112,39.68686026436942,340.76488211495536,319.1314285714286,"Fingernails"
"_tbnd2_D30_001.jpg",80.84829293387277,91.31657684326171,400.2197576032366,381.3531356375558,"Fingernails"
"_tbnd2_D30_002.jpg",38.21943498883928,35.748571428571424,368,333.933720703125,"Fingernails"
"_tbnd2_D2_185.jpg",39.493146449497765,72.51199820382254,338.48745012555804,364.44343575613834,"Fingernails"
"_tbnd2_D30_003.jpg",42.67900299072266,21.952001495361326,280.6230059814453,330.06401794433594,"Fingernails"
"_tbnd2_D30_004.jpg",139.31658063616072,147.23658063616074,499.5634654017857,403.09030412946436,"Fingernails"
"_tbnd2_D30_006.jpg",93.8082990373884,68.97829071044922,278.0414285714286,341.3988771275111,"Fingernails"
"_tbnd2_D30_005.jpg",78.45428571428572,101.76457536969866,366.7011586216518,394.6605793108259,"Fingernails"
"_tbnd2_D30_007.jpg",63.48573521205357,84.57142857142857,373.8857421874999,378.97143554687494,"Fingernails"
"_tbnd2_D30_008.jpg",28.876853463309153,63.17943041120257,363.10084978376113,361.23200735909603,"Fingernails"
"_tbnd2_D30_009.jpg",56.557734375,81.18857142857144,338.3040401785714,321.68229910714285,"Fingernails"
"_tbnd2_D30_010.jpg",30.618006591796878,31.967998352050785,342.95398681640626,352.5119934082031,"Fingernails"
"_tbnd2_D30_011.jpg",43.23157536097935,49.48114482334682,414.8555871582031,389.6639921351841,"Fingernails"
"_tbnd2_D30_012.jpg",43.87886090959821,74.55085902622767,382.5668722098214,387.56571428571425,"Fingernails"
"_tbnd2_D30_013.jpg",50.49,34.99200164794922,348.57000000000005,339.12,"Fingernails"
"_tbnd2_D30_014.jpg",60.92357142857143,36.10285714285715,325.6778571428572,290.4274346923828,"Fingernails"
"_tbnd2_D30_017.jpg",21.386139221191407,55.28228753226144,379.29132934570316,357.90513558524,"Fingernails"
"_tbnd2_D30_015.jpg",71.45813572474889,28.980574994768414,405.20214285714286,339.3531357247489,"Fingernails"
"_tbnd2_D30_016.jpg",60.16787937709263,93.742862701416,378.7964433942522,359.91427830287387,"Fingernails"
"_tbnd2_D30_018.jpg",27.710425545828684,42.82971882411412,338.22588134765624,311.7051368059431,"Fingernails"
"_tbnd2_D30_019.jpg",50.755717686244424,57.05143367222377,381.47575509207593,345.87427891322545,"Fingernails"
"_tbnd2_D30_020.jpg",67.29985063825335,31.971428571428568,313.6930065046038,312.0411623709542,"Fingernails"
"_tbnd2_D30_022.jpg",205.69285714285715,194.43886291503907,622.5637604631696,508.41603463309156,"Fingernails"
"_tbnd2_D30_023.jpg",110.3343017578125,69.92000601632255,379.5,391.13143659319195,"Fingernails"
"_tbnd2_D30_024.jpg",97.71715087890625,99.88571428571429,427.8656982421875,402.6971348353795,"Fingernails"
"_tbnd2_D30_025.jpg",45.38258152553013,65.73028403145926,383.2979865373884,349.82629917689735,"Fingernails"
"_tbnd2_D30_029.jpg",47.313003845214844,89.20800384521485,400.61701538085936,352.29600769042975,"Fingernails"
"_tbnd2_D30_027.jpg",28.076575404575895,52.63543055943081,391.3131508091518,371.57487304687504,"Fingernails"
"_tbnd2_D30_028.jpg",71.33142857142857,111.00342459542411,410.59546037946427,390.33600795200897,"Fingernails"
"_tbnd2_D30_030.jpg",10.852720685686384,25.165714285714284,340.10418125697544,332.1874477713448,"Fingernails"
"_tbnd2_D30_032.jpg",80.40816040039061,93.70172086443219,447.74183959960936,425.96913408551893,"Fingernails"
"_tbnd2_D30_036.jpg",87.69343558175223,67.07657318115234,375.7551708984375,370.7588781738281,"Fingernails"
"_tbnd2_D30_040.jpg",48.12428571428571,32.87086229596819,380.88546979631695,333.7742857142857,"Fingernails"
"_tbnd2_D30_035.jpg",91.90530325753348,123.5942857142857,428.196731828962,427.1188746861049,"Fingernails"
"_tbnd2_D30_045.jpg",32.48700897216797,60.76,338.6389880371094,313.6,"Fingernails"
"_tbnd2_D30_046.jpg",59.35873317173549,70.96228886195591,349.39642857142854,308.19087602887834,"Fingernails"
"_tbnd2_D30_050.jpg",39.16715305873326,26.297141156877792,378.3557006835938,357.0171360560826,"Fingernails"
"_tbnd2_D30_049.jpg",23.614288330078125,12.342858450753347,281.1000104631696,294.85714285714283,"Fingernails"
"_tbnd2_D30_052.jpg",20.414150477818083,70.41943047659738,389.99133143833706,390.0537066650391,"Fingernails"
"_tbnd2_D30_053.jpg",23.017723388671875,57.27085562569755,277.9525896344866,305.44458356584823,"Fingernails"
"_tbnd2_D30_054.jpg",47.73401062011718,44.54400177001953,360.00604248046875,340.1120141601562,"Fingernails"
"_tbnd2_D30_057.jpg",77.74784938267298,96.11999805995396,363.056451851981,378.377150617327,"Fingernails"
"_tbnd2_D30_056.jpg",81.37327784946986,83.49943250383649,385.99159502301893,393.7874364362444,"Fingernails"
"_tbnd2_D30_058.jpg",94.76130868094307,65.22285714285714,396.79333164760044,381.30285714285714,"Fingernails"
"_tbnd2_D30_060.jpg",49.74986166817801,80.667430834089,478.5921428571429,421.7245623779297,"Fingernails"
"_tbnd2_D30_061.jpg",30.580711364746094,1.5314307621547154,275.6092973981585,310.8800175258092,"Fingernails"
"_tbnd2_D30_101.jpg",32.696996154785154,82.15200576782226,357.27302307128906,398.6639923095703,"Fingernails"
"_tbnd2_D30_102.jpg",22.113003845214845,95.76,354.2489923095703,371.4480230712891,"Fingernails"
"_tbnd2_D30_063.jpg",66.35229265485492,65.04457663399833,349.2734563337054,346.1462787737165,"Fingernails"
"_tbnd2_D30_103.jpg",98.11415012904577,84.82971973964146,381.1975859723772,339.31887895856585,"Fingernails"
"_tbnd2_D30_104.jpg",25.50929500034877,39.76000464303153,288.4121490478516,303.06859000069755,"Fingernails"
"_tbnd2_D30_108.jpg",81.05357142857142,77.22856957571847,320.99643598284035,355.057135445731,"Fingernails"
"_tbnd2_D30_105.jpg",55.2097087751116,16.612572806222097,250.58801653180802,284.94171979631693,"Fingernails"
"_tbnd2_D30_106.jpg",69.39642116001673,53.42857142857142,382.19642857142856,377.88572910853793,"Fingernails"
"_tbnd2_D30_109.jpg",77.65358625139508,77.71428571428571,389.48214285714283,359.4285714285714,"Fingernails"
"_tbnd2_D30_110.jpg",58.61685041155133,48.52571428571428,314.0385714285714,336.15087733677456,"Fingernails"
"_tbnd2_D30_112.jpg",74.82942156110491,50.99657318115234,376.6740140206473,354.2194215611049,"Fingernails"
"_tbnd2_D30_111.jpg",53.367853437151226,50.99999999999999,372.9678867885044,346.3143005371094,"Fingernails"
"_tbnd2_D30_113.jpg",26.589439086914062,58.3474320765904,368.86374232700894,357.8948641531808,"Fingernails"
"_tbnd2_D30_114.jpg",24.976149117606028,38.15657612391881,338.02413033621656,321.25372680664066,"Fingernails"
"_tbnd2_D30_115.jpg",15.26642565046038,0.38285860334123883,321.5521545410157,303.60572596958707,"Fingernails"
"_tbnd2_D30_118.jpg",23.595714285714287,57.766860613141745,269.6734216308594,361.1565783691407,"Fingernails"
"_tbnd2_D30_117.jpg",55.22272155761719,52.8994303894043,379.29132934570316,361.2411574009487,"Fingernails"
"_tbnd2_D30_119.jpg",59.319149518694196,68.97829071044922,344.8368704659598,330.9211561802455,"Fingernails"
"_tbnd2_D30_120.jpg",107.34200666155134,39.728001665387836,340.47115618024554,349.6937076241629,"Fingernails"
"_tbnd2_D30_121.jpg",66.30428571428571,46.713146187918525,289.82887712751113,350.5668704659598,"Fingernails"
"_tbnd2_D30_122.jpg",50.58772094726562,54.13485547746931,302.05285714285714,351.00343523297994,"Fingernails"
"_tbnd2_D30_123.jpg",27.44943856375558,34.925714285714285,313.8403056989397,344.89142857142855,"Fingernails"
"_tbnd2_D30_124.jpg",41.419710954938616,71.16114785330636,300.3065647670201,303.85370762416295,"Fingernails"
"_tbnd2_D30_126.jpg",19.159002990722655,66.24799850463867,315.90303588867187,330.45601196289067,"Fingernails"
"_tbnd2_D30_131.jpg",57.830422799246655,42.36800288609096,189.47386291503906,303.38516017368863,"Fingernails"
"_tbnd2_D30_135.jpg",41.7378664289202,26.37142857142857,344.40070190429685,309.5600123814174,"Fingernails"
"_tbnd2_D30_134.jpg",53.03942504882813,40.1691463797433,333.76170724051343,339.36,"Fingernails"
"_tbnd2_D30_136.jpg",16.5,23.584002685546874,270.292021484375,271.3919946289063,"Fingernails"
"_tbnd2_D30_138.jpg",23.63771170479911,24.018287004743303,236.0811376953125,270.62857142857143,"Fingernails"
"_tbnd2_D30_141.jpg",12.233717041015625,37.19771841866629,257.8108736746652,278.4411373465402,"Fingernails"
"_tbnd2_D30_142.jpg",20.982293352399555,37.709718104771206,228.21887241908482,273.6457142857143,"Fingernails"
"_tbnd2_D30_145.jpg",26.447142857142854,70.09828408377511,328.2117403738839,311.595435093471,"Fingernails"
"_tbnd2_D30_143.jpg",43.10857979910714,26.697147042410712,317.7599888392857,297.6914341517857,"Fingernails"
"_tbnd2_D30_146.jpg",68.48714285714286,95.6091495186942,352.6951695033482,321.7531628417969,"Fingernails"
"_tbnd2_D30_147.jpg",64.55799333844865,69.85142857142857,381.0723123604911,317.3874485560826,"Fingernails"
"_tbnd2_D30_148.jpg",62.811734270368305,61.556573093959265,382,319.57030569893976,"Fingernails"
"_tbnd2_D30_151.jpg",30.98443581717355,8.54742796761649,252.9009903390067,268.4525810895648,"Fingernails"
"_tbnd2_D30_149.jpg",61.965442592075895,78.10285714285715,379.89,304.1417353166853,"Fingernails"
"_tbnd2_D30_152.jpg",1.2157239641462054,21.142857142857142,345.4214285714286,301.0743050711496,"Fingernails"
"_tbnd2_D30_153.jpg",23.627149309430806,21.988574654715404,298.4842921665737,300.65142211914065,"Fingernails"
"_tbnd2_D30_157.jpg",60.212291608537946,36.310855669294085,279.6225891113281,298.9851487513951,"Fingernails"
"_tbnd2_D30_165.jpg",38.925854012625564,57.85028727940151,312.996739327567,291.7131365966797,"Fingernails"
"_tbnd2_D30_164.jpg",87.23602364676339,105.38056945800781,396.1457142857143,370.3817379324777,"Fingernails"
"_tbnd2_D30_170.jpg",24.986854596819196,22.02514413016183,261.92401018415177,252.95543875558036,"Fingernails"
"_tbnd2_D30_175.jpg",21.430294189453125,34.436575666155136,306.18,293.6365827287946,"Fingernails"
"_tbnd2_D30_178.jpg",86.19558367047992,79.02514591761998,351,307.27542245047437,"Fingernails"
"_tbnd2_D30_177.jpg",19.003282078334266,104.36915012904576,311.14156415666855,414.6171428571429,"Fingernails"
"_tbnd2_D30_179.jpg",38.46515101841518,42.075432652064734,291.9874176897321,289.53601632254464,"Fingernails"
"_tbnd2_D30_185.jpg",36.87442544119699,16.82171585083008,319.5612731933594,296.2263044956752,"Fingernails"
"_tbnd_v01_20120206_nails_20120206_index_right_01.jpg",586.4103657632297,250.01552474832982,1188.5650092619537,718.132717667339,"Fingernails"
"_tbnd_v01_20120206_nails_20120206_index_right_03.jpg",529.054459915234,321.49490779450423,1031.5186246418339,775.199187128455,"Fingernails"
"_tbnd_v01_20120206_nails_20120206_index_right_05.jpg",580.4011274773161,226.10692818321948,1082.865385476361,599.0983555200789,"Fingernails"
"_tbnd_v01_20120206_nails_20120206_index_right_04.jpg",603.629417382999,364.2972000581145,1030.2961027041547,800.8805438263026,"Fingernails"
"_tbnd_v01_20120206_nails_20120206_index_right_02.jpg",571.6905444126074,266.358687125007,931.2642315096705,750.3183592213143,"Fingernails"
"_tbnd_v01_20120206_nails_20120206_index_right_06.jpg",653.7535630074021,314.1573439874075,1062.0821394460363,745.8490252016609,"Fingernails"
"_tbnd_v01_20120206_nails_20120206_index_right_09.jpg",541.279865836915,350.84502307050207,1066.9723204691977,792.3201226942176,"Fingernails"
"_tbnd_v01_20120206_nails_20120206_index_right_08.jpg",401.9102196752626,264.01753456749685,952.0534861509074,726.282281684329,"Fingernails"
"_tbnd_v01_20120206_nails_20120206_index_right_12.jpg",568.1757215556352,336.1699887579013,999.7325878999523,844.9058333672903,"Fingernails"
"_tbnd_v01_20120206_nails_20120206_index_right_11.jpg",609.7421203438396,381.41808897308084,958.1661891117478,777.6450883816169,"Fingernails"
"_tbnd_v01_20120206_nails_20120206_index_right_13.jpg",535.1671628760745,235.89029994188542,1021.738355867956,707.9384421427817,"Fingernails"
"_tbnd_v01_20120206_nails_20120206_index_right_21.jpg",472.8176113299904,316.60319858977306,983.8395228927889,703.0467329380505,"Fingernails"
"_tbnd_v01_20120206_nails_20120206_index_right_17.jpg",382.1938699797034,401.7782771519252,880.1956287489228,851.814874267578,"Fingernails"
"_tbnd_v01_20120206_nails_20120206_index_right_14.jpg",701.432664756447,294.59060047007563,1026.6284436186725,742.1803132743071,"Fingernails"
"_tbnd_v01_20120206_nails_20120206_index_right_22.jpg",461.81472734598856,350.84502307050207,939.8280802292263,781.3138003089707,"Fingernails"
"_tbnd_v01_20120206_nails_20120206_index_right_23.jpg",562.0630185947947,478.0289958855484,850.5826729644223,868.141288811976,"Fingernails"
"_tbnd_v01_20120206_nails_20120206_index_right_25.jpg",543.7249097122732,376.52642641914605,972.836732181232,734.8427961180066,"Fingernails"
"_tbnd_v01_20120206_nails_20120206_index_right_24.jpg",487.4880611270296,452.34763918770074,834.6896079572589,836.3453189336126,"Fingernails"
"_tbnd_v01_20120206_nails_20120206_index_right_27.jpg",636.6380693350047,381.41808897308084,1046.189167711318,831.4536097288815,"Fingernails"
"_tbnd_v01_20120206_nails_20120206_index_right_29.jpg",593.8491486091212,347.1762644923519,1029.0735807664755,805.7722530310339,"Fingernails"
"_tbnd_v01_20120206_nails_20120206_index_right_33.jpg",635.4154541248806,407.0994923217249,1069.4173643445558,825.3389965483657,"Fingernails"
"_tbnd_v01_20120206_nails_20120206_index_right_39.jpg",586.5138304381567,410.76825089987506,1044.966552501194,848.5745452946442,"Fingernails"
"_tbnd_v01_20120206_nails_20120206_index_right_37.jpg",300.4393598525549,457.23930174163553,816.3514990747374,868.141288811976,"Fingernails"
"_tbnd_v01_20120206_nails_20120206_index_right_38.jpg",448.36679948662845,398.53902453884353,971.6141169711079,831.4536097288815,"Fingernails"
"_tbnd_v01_20120206_nails_20120206_index_right_40.jpg",520.4967130790353,356.9596362510178,1042.5215086258358,829.0078017773122,"Fingernails"
"_tbnd_v01_20120206_nails_20120206_index_right_41.jpg",498.4909451110315,399.76192851462815,1084.08790741404,877.9247072214383,"Fingernails"
"_tbnd_v01_20120206_nails_20120206_index_right_43.jpg",477.70779235315183,281.1384701332595,1037.6313276026742,759.3012488400697,"Fingernails"
"_tbnd_v01_20120206_nails_20120206_index_right_42.jpg",613.4097794293218,353.2908776728676,1112.2062850704392,799.6576398505181,"Fingernails"
"_tbnd_v01_20120206_nails_20120206_index_right_44.jpg",469.1499522445081,210.20894324403778,937.3830363538682,721.3905724795978,"Fingernails"
"_tbnd_v01_20120206_nails_20120206_index_right_45.jpg",507.04869194723017,293.367696494291,1040.0764647504775,784.9826055379174,"Fingernails"
"_tbnd_v01_20120206_nails_20120206_index_right_46.jpg",444.6991404011461,366.74305466048014,933.7153772683859,854.68915847516,"Fingernails"
"_tbnd_v01_20120213_nails_20120213_index_right_01.jpg",548.6150907354346,278.69261553089393,1088.9780884372017,684.7028933965032,"Fingernails"
"_tbnd_v01_20120206_nails_20120206_index_right_47.jpg",486.26553918935053,321.49490779450423,971.6141169711079,857.1350597283218,"Fingernails"
"_tbnd_v01_20120213_nails_20120213_index_right_02.jpg",576.7335616642789,245.67369502594954,953.2760080885864,661.4674379518176,"Fingernails"
"_tbnd_v01_20120213_nails_20120213_index_right_03.jpg",500.9359889863897,211.4318472198224,947.163305127746,606.4358726763793,"Fingernails"
"_tbnd_v01_20120213_nails_20120213_index_right_04.jpg",480.15283622851,316.60319858977306,861.585463675979,694.4863118059654,"Fingernails"
"_tbnd_v01_20120213_nails_20120213_index_right_09.jpg",595.0716705468004,194.3109349794579,1029.0735807664757,577.0857107495851,"Fingernails"
"_tbnd_v01_20120213_nails_20120213_index_right_08.jpg",367.67909242180036,240.7820091466166,818.7965429500955,652.9069235181398,"Fingernails"
"_tbnd_v01_20120213_nails_20120213_index_right_06.jpg",504.603648071872,348.39921511893283,876.2560067454632,726.282281684329,"Fingernails"
"_tbnd_v01_20120213_nails_20120213_index_right_11.jpg",502.15860419651386,308.04273080689177,817.5740210124164,646.792310337624,"Fingernails"
"_tbnd_v01_20120213_nails_20120213_index_right_05.jpg",469.1499522445081,221.21524230388653,932.4928553307068,544.0668368954372,"Fingernails"
"_tbnd_v01_20120213_nails_20120213_index_right_21.jpg",433.69625641714424,255.05700146627566,842.0248328557784,596.075201935083,"Fingernails"
"_tbnd_v01_20120213_nails_20120213_index_right_12.jpg",541.279865836915,266.4633891698624,901.9293405265042,687.1487946496652,"Fingernails"
"_tbnd_v01_20120213_nails_20120213_index_right_22.jpg",245.42503320499046,219.99231500270372,676.981852913085,611.3275818811105,"Fingernails"
"_tbnd_v01_20120213_nails_20120213_index_right_24.jpg",535.1671628760745,286.0301326871943,866.4756446991404,616.2192444350453,"Fingernails"
"_tbnd_v01_20120213_nails_20120213_index_right_17.jpg",456.9245463228271,183.30463591960918,898.2616814410219,575.8628067738006,"Fingernails"
"_tbnd_v01_20120213_nails_20120213_index_right_25.jpg",772.3400564111748,388.75565278017757,1132.989531100764,712.8301513475128,"Fingernails"
"_tbnd_v01_20120213_nails_20120213_index_right_27.jpg",809.0162741762177,341.0616513118361,1151.3276399832855,723.8364737327597,"Fingernails"
"_tbnd_v01_20120213_nails_20120213_index_right_41.jpg",747.8892445678127,377.74933039493067,1266.2463810291308,795.9889279231643,"Fingernails"
"_tbnd_v01_20120213_nails_20120213_index_right_40.jpg",664.756446991404,387.53270215359663,1109.7612411950813,808.2181542841957,"Fingernails"
"_tbnd_v01_20120213_nails_20120213_index_right_42.jpg",834.6896079572588,355.73673227523324,1258.9112494030562,748.2949264548229,"Fingernails"
"_tbnd_v01_20120213_nails_20120213_index_right_44.jpg",393.35242620284146,177.19002273909342,815.1289771370582,607.658776652164,"Fingernails"
"_tbnd_v01_20120213_nails_20120213_index_right_45.jpg",818.7965429500955,366.74305466048014,1250.3535025668577,793.5430266700023,"Fingernails"
"_tbnd_v01_20120213_nails_20120213_index_right_43.jpg",554.7277936962751,359.4054908533834,965.5014140102674,738.5115080453604,"Fingernails"
"_tbnd_v01_20120213_nails_20120213_index_right_47.jpg",706.3228457796084,454.79344713927,1098.7583572110793,919.5040955092641,"Fingernails"
"_tbnd_v01_20120213_nails_20120213_index_right_46.jpg",719.7707736389684,311.7115360358383,1131.7670091630848,727.5051856601135,"Fingernails"
"_tbnd_v01_20120423_nails_20120423_index_right_02.jpg",586.5138304381567,376.52642641914605,865.2531227614613,683.4799894207185,"Fingernails"
"_tbnd_v01_20120423_nails_20120423_index_right_01.jpg",658.6437440305635,308.04273080689177,1021.7383558679561,595.4295502911325,"Fingernails"
"_tbnd_v01_20120423_nails_20120423_index_right_06.jpg",581.6237426874403,394.87026596069336,824.9092459109361,665.1361498791714,"Fingernails"
"_tbnd_v01_20120423_nails_20120423_index_right_03.jpg",585.2913085004775,297.0364550724412,892.1489784801814,595.4295502911324,"Fingernails"
"_tbnd_v01_20120423_nails_20120423_index_right_08.jpg",525.3868008297517,378.97228102151166,883.5912316439828,683.4799894207187,"Fingernails"
"_tbnd_v01_20120423_nails_20120423_index_right_11.jpg",623.1900482031996,375.3034757925651,818.7965429500955,627.2255668202922,"Fingernails"
"_tbnd_v01_20120423_nails_20120423_index_right_12.jpg",718.5482517012894,454.79344713927,965.5014140102674,769.0845739479392,"Fingernails"
"_tbnd_v01_20120423_nails_20120423_index_right_21.jpg",602.40689544532,355.73673227523324,927.6026743075454,621.1109536397764,"Fingernails"
"_tbnd_v01_20120423_nails_20120423_index_right_17.jpg",551.0602278832379,427.8891864656377,851.8051949021012,718.9447645280286,"Fingernails"
"_tbnd_v01_20120423_nails_20120423_index_right_09.jpg",565.7306776802769,320.2719571679233,898.2616814410219,610.1046312545295,"Fingernails"
"_tbnd_v01_20120423_nails_20120423_index_right_24.jpg",562.0630185947947,424.2203812366912,815.1289771370583,666.359053854956,"Fingernails"
"_tbnd_v01_20120423_nails_20120423_index_right_25.jpg",537.6122067514326,356.8185117967332,801.6810492776981,586.6494020991663,"Fingernails"
"_tbnd_v01_20120423_nails_20120423_index_right_41.jpg",478.93031429083095,359.4054908533834,850.5826729644222,665.1361498791714,"Fingernails"
"_tbnd_v01_20120423_nails_20120423_index_right_22.jpg",384.7946793666428,354.5138282994486,713.6580706781281,648.0152143134087,"Fingernails"
"_tbnd_v01_20120423_nails_20120423_index_right_43.jpg",476.48517714302767,289.69889126534446,823.6867239732569,605.2129687005947,"Fingernails"
"_tbnd2_D1_151.jpg",34.17800842285156,1.4720021057128907,285.89,303.23200561523436,"Fingernails"
"_tbnd_v01_20120423_nails_20120423_index_right_45.jpg",642.7507722958453,203.7681169055757,944.7182612523878,512.8755905774175,"Fingernails"
"_tbnd_v01_20120423_nails_20120423_index_right_44.jpg",558.3954527817574,312.9344400116229,832.2445640819006,627.2255668202922,"Fingernails"
"_tbnd2_D1_152.jpg",25.014006609235494,155.9314285714286,643.5419867815291,642.784039655413,"Fingernails"